id,nombre,popularidad,descripcion
1,Be Movies,24,Former store tax parent.
2,Politics Movies,29,Need dark option expert really.
3,Ball Movies,37,Put suffer likely really.
4,Tend Movies,62,Partner popular shoulder inside floor customer exactly.
5,Soldier Movies,29,Spend cold baby story very series.
6,All Movies,43,Over firm enough card remain science.
7,Once Movies,7,Yard art those policy training card.
8,School Movies,75,Own attention plant later cover.
9,Vote Movies,29,Government between development weight how most.
10,Much Movies,5,Type simply example effect our practice voice.
11,Generation Movies,57,Send become plan eat over stand.
12,Simply Movies,29,Cost situation economy body sport western political.
13,Far Movies,24,Tv window sit subject right.
14,Soon Movies,13,By brother right just evidence threat recognize.
15,Person Movies,21,Clear key light now.
16,Really Movies,26,Red hand director of offer staff management.
17,Walk Movies,9,White side bed church ago better important industry.
18,Whole Movies,16,International arm case fish north.
19,Spring Movies,17,Take movie young go difference argue.
20,Serious Movies,78,Voice situation factor daughter number standard politics.
21,Full Movies,5,Color another make morning.
22,Pay Movies,29,Ok choice as moment Republican near.
23,Single Movies,86,Have suggest against where for husband police.
24,Air Movies,44,People past nearly difference market.
25,Important Movies,85,One term only him easy.
26,Teach Movies,64,Medical drug just may think less hit.
27,Listen Movies,66,Cold wrong song once.
28,Grow Movies,45,Ten event beautiful hotel value bit.
29,Tax Movies,33,Should expect city street ball white a.
30,Decade Movies,30,Action religious return behavior forget.
31,Wife Movies,39,Card matter no attorney sport receive prevent rule.
32,Information Movies,59,Allow result theory fish worry theory discussion.
33,Yet Movies,32,Detail participant ago international phone.
34,Of Movies,74,Test indeed daughter fight sort condition.
35,Important Movies,25,Office form industry face interview serious alone couple.
36,Option Movies,100,Boy successful edge wear name hope day knowledge.
37,Teacher Movies,58,Read tonight guy statement.
38,Bad Movies,66,Tax mother force Congress.
39,Cause Movies,57,Per however where close.
40,Collection Movies,88,Interest before risk direction.
41,Moment Movies,68,Budget class professional age final here almost.
42,Building Movies,59,Form including bill Democrat see.
43,System Movies,59,Attention green bit improve also room.
44,Occur Movies,13,Coach short message second shake.
45,Hour Movies,83,Admit brother smile knowledge it spring audience.
46,Upon Movies,82,Today identify ok those.
47,Civil Movies,45,Believe business environmental book artist spring.
48,Eat Movies,60,Call believe point wife follow clear address push.
49,Stuff Movies,81,Structure be chair within first foot coach.
50,Decade Movies,76,Ask require smile.
51,Head Movies,44,Toward growth everyone rest.
52,Process Movies,69,Ready truth after loss ok book.
53,See Movies,56,Support city ability heavy.
54,Mind Movies,70,Heavy never try just.
55,Level Movies,4,Become American measure receive this.
56,Opportunity Movies,95,See process college civil.
57,Visit Movies,60,Quite charge all style role seem candidate.
58,Across Movies,61,Save section toward resource loss account.
59,Project Movies,74,Notice life leader just reflect become since.
60,Environmental Movies,4,Population think particularly speak administration house card interest.
61,Head Movies,54,Soldier allow find officer contain industry.
62,Probably Movies,93,Environment economy resource deal pick agent case.
63,Company Movies,70,Decide food anything upon but.
64,First Movies,4,Course surface than when ahead culture clearly enjoy.
65,Possible Movies,86,Between particular glass five hear commercial.
66,Gun Movies,62,Deep far better marriage plant among blue.
67,Bit Movies,100,Well seat nature card benefit.
68,Get Movies,50,Service get front dream.
69,Do Movies,79,Ago you main four compare watch.
70,Stage Movies,79,Score involve recognize.
71,Society Movies,83,Movie executive growth along care turn.
72,Owner Movies,4,Culture sure series song anyone carry defense.
73,Newspaper Movies,92,Remain full friend American issue travel beat.
74,Statement Movies,85,Poor image see it true.
75,Join Movies,52,Effort report base why significant magazine read.
76,Training Movies,96,Land let prevent coach question entire.
77,Much Movies,60,Minute these next prove total.
78,Over Movies,48,Point positive cause deep.
79,Exactly Movies,31,Claim early and two.
80,Class Movies,17,Body bad wife quite allow or.
81,Team Movies,3,Building thought which certainly data situation whom.
82,Account Movies,38,Stock front computer point successful herself.
83,Already Movies,45,Parent knowledge interview necessary risk.
84,Bring Movies,62,Another son rather physical management few at.
85,White Movies,93,Article often yourself wear break hour hot.
86,Enjoy Movies,50,Their get operation your bed.
87,Under Movies,82,Recently in nearly toward evidence attack.
88,Hard Movies,55,Market community ready stage she practice eat.
89,Prove Movies,78,Land health little education.
90,Should Movies,57,Far rate she year could.
91,Peace Movies,4,Live find central movement bank.
92,View Movies,26,Cell nothing race sport.
93,Store Movies,90,Say time again it.
94,You Movies,64,And dog this simply.
95,Responsibility Movies,79,Report rich garden trouble.
96,Instead Movies,62,Let check skill hard.
97,If Movies,61,Entire necessary cup step data.
98,Standard Movies,14,Technology test finish year present.
99,If Movies,8,Suggest material question your.
100,Must Movies,50,Leave agent at.
101,Few Movies,60,Artist inside reach reason.
102,Audience Movies,60,Memory push during reality.
103,Begin Movies,93,Style consider one star evidence point.
104,Yes Movies,47,College place play others protect stock rather bring.
105,Together Movies,86,Water accept charge challenge.
106,During Movies,97,Reduce system campaign feel.
107,Though Movies,64,Foreign resource mention administration car top nothing score.
108,Number Movies,31,Behavior operation decide.
109,Despite Movies,37,Measure base cost nice.
110,Practice Movies,55,Raise education live consumer standard writer your.
111,Style Movies,4,Art pay along special.
112,Treat Movies,96,Work sound entire over no.
113,Agency Movies,51,Voice parent finish myself sing whether able.
114,Question Movies,90,Professor audience religious ball into interesting recognize.
115,Image Movies,87,Age player loss picture.
116,Meeting Movies,30,Great low ago position per.
117,Several Movies,93,Pay meet beyond economic at suffer.
118,Point Movies,1,Threat hot suddenly when decide figure.
119,Million Movies,48,Treatment kitchen become even son stay.
120,Own Movies,94,Seven lot if human.
121,Should Movies,59,Short might find toward loss thank.
122,But Movies,98,Subject their teach allow owner chair economy.
123,Three Movies,34,Free attack senior reality movement its put fund.
124,Finish Movies,31,Product tax at military.
125,Voice Movies,72,Newspaper event avoid throw there.
126,Whom Movies,68,Real necessary air wonder heavy similar.
127,Listen Movies,28,Sing effect air teacher.
128,Nor Movies,88,Soldier effort sound politics organization table education.
129,Training Movies,72,Manager matter either term.
130,Popular Movies,46,Type everybody rest black growth career appear enough.
131,A Movies,80,It system have research pressure forget loss how.
132,Late Movies,13,Mother condition speak never similar most.
133,Physical Movies,34,Need two nearly through anyone where image.
134,Measure Movies,9,Off ok pretty player.
135,Up Movies,13,Late heavy west condition.
136,Bar Movies,2,Collection contain eye coach.
137,Loss Movies,55,Ago dinner under institution recent section break be.
138,Direction Movies,89,Character energy tax.
139,System Movies,4,Draw play else role.
140,Agent Movies,25,Fall raise scene child during behind newspaper.
141,Particular Movies,73,Real opportunity wish board marriage wind.
142,Car Movies,21,Its drive pay quickly dog.
143,Affect Movies,47,Attack street buy despite body career stuff.
144,Government Movies,75,Fact several someone operation knowledge.
145,Deep Movies,48,Resource future process money nor activity.
146,Audience Movies,94,Detail commercial heavy way lead able.
147,Partner Movies,48,Mind last mission.
148,Describe Movies,53,Outside arm strategy a quite easy make police.
149,Theory Movies,83,Reveal her around better.
150,Likely Movies,59,Professional partner similar.
151,Writer Movies,15,Stay top hit hand.
152,Mrs Movies,24,Fly democratic maybe seek must social.
153,Ahead Movies,92,Full individual message life.
154,Summer Movies,93,World girl million stage wide those.
155,Several Movies,71,Partner four forward modern walk expect.
156,Man Movies,70,Best operation bill peace treatment whose message.
157,Morning Movies,23,Concern six camera worker hotel easy cultural seat.
158,Involve Movies,75,Operation structure suffer nor.
159,Magazine Movies,2,Family than product a product would question.
160,Leg Movies,67,Out really my.
161,Measure Movies,68,General painting bar baby figure campaign.
162,Page Movies,34,Clearly believe last myself including foot.
163,Response Movies,97,Happen his cause onto Mr group.
164,Room Movies,81,Theory foreign rise bed learn performance.
165,For Movies,55,Not customer collection audience main early someone.
166,Relate Movies,37,Others out military this serve race.
167,Score Movies,95,Pattern left maintain.
168,Improve Movies,4,Pattern week station ago personal care probably author.
169,Standard Movies,1,Thousand exactly hotel simple.
170,Face Movies,55,Threat chance easy sell next.
171,Up Movies,80,Grow write father mean whom size.
172,Least Movies,23,Human sea reach response board politics people.
173,Develop Movies,29,During force blood deal us a magazine response.
174,Maybe Movies,67,Act while economy section focus red scene key.
175,Result Movies,58,Area southern agreement sort natural believe stuff not.
176,Doctor Movies,4,Ability friend civil season agency offer them mean.
177,Spend Movies,65,Simple product challenge police him source.
178,Decide Movies,50,Democratic discussion product these rest enough since.
179,Nearly Movies,28,Mouth arrive step trade worker first account.
180,Stage Movies,66,Talk Democrat agreement memory.
181,Life Movies,15,Southern in process whole skill.
182,Own Movies,13,Trouble travel home.
183,Speech Movies,87,Worry buy suddenly reflect here want analysis machine.
184,Then Movies,7,Word dog fight.
185,Minute Movies,25,Together north successful memory price kitchen child surface.
186,Use Movies,62,Economy financial small model senior remain walk commercial.
187,Expect Movies,53,Purpose arrive ten forward deep company.
188,Adult Movies,34,Rule food great raise lead.
189,Pressure Movies,81,Where risk think election fly population.
190,Much Movies,43,Admit toward I suffer.
191,Huge Movies,39,Actually try somebody may.
192,Still Movies,30,Issue feeling media former type sometimes might.
193,Admit Movies,96,Protect study office consumer amount get present article.
194,Ground Movies,62,A environment price modern sit.
195,Fact Movies,69,Soon upon doctor certain who as threat might.
196,Hour Movies,23,Hit traditional son year.
197,Sea Movies,19,Debate must green thank drive magazine go common.
198,Travel Movies,28,Wife pay win else describe focus.
199,Decision Movies,25,Eat significant research your stuff something.
200,Care Movies,26,Page share art idea.
201,Attention Movies,91,Attorney property seem tell.
202,Return Movies,36,Door so my phone spend structure series baby.
203,Family Movies,89,Always agree religious crime stage build hour.
204,Low Movies,49,Check wrong place positive manager.
205,Suddenly Movies,64,Certainly low risk now however.
206,Section Movies,49,National third party clear experience although music.
207,Cause Movies,76,Within lay story affect.
208,Attorney Movies,45,Their shake cup property.
209,Admit Movies,36,She white art almost decide effect.
210,Under Movies,34,Hospital test charge special kid argue sister.
211,Family Movies,60,Edge class recognize lead.
212,Maintain Movies,48,Congress street make performance.
213,Most Movies,7,Bed team us fire.
214,White Movies,25,Probably tax military book floor drop.
215,Manager Movies,14,Heart rather end within suddenly feel.
216,Record Movies,94,Alone let surface or last service.
217,Customer Movies,25,Picture face mind whom.
218,Center Movies,29,Him present take computer despite ten.
219,Statement Movies,92,Wish by our within.
220,Light Movies,35,Job modern benefit country space front.
221,Father Movies,63,Cause affect another front sound do too.
222,Strategy Movies,87,Phone radio age civil film Congress than.
223,Seem Movies,38,Cost program provide special allow generation.
224,Million Movies,53,Score budget bar magazine finally.
225,Machine Movies,73,State physical customer choose yeah.
226,Day Movies,98,Use degree star beat.
227,Talk Movies,75,Require shoulder few.
228,Traditional Movies,23,On through report idea happy.
229,Reduce Movies,1,Phone build nice break medical avoid sister.
230,It Movies,50,Support form available opportunity single smile.
231,East Movies,34,Simple all role almost final.
232,Wonder Movies,92,Sort notice event home agreement establish federal be.
233,Some Movies,63,Join media result song should throw near.
234,Reach Movies,97,Open community base behavior coach bar south.
235,Above Movies,12,Body story summer indicate.
236,Success Movies,26,Marriage brother expert country sure.
237,Ever Movies,15,Pull big about true.
238,All Movies,37,Just early form administration western develop travel.
239,House Movies,77,Service design hot stop pay.
240,Term Movies,6,Former price development then social.
241,Heavy Movies,95,End arrive speak lead management.
242,Industry Movies,50,Race choice economy break word girl sing break.
243,Serve Movies,88,Marriage southern during brother economic task each.
244,Go Movies,92,Send wait choose type success particular for.
245,Past Movies,38,Benefit have improve of.
246,While Movies,37,Bit change easy director certain such price.
247,Main Movies,45,Idea arrive seek outside need change include.
248,Song Movies,16,Decade policy green.
249,Same Movies,38,Against page important claim speak woman.
250,Keep Movies,81,Threat recently do four image.
251,Civil Movies,26,Hope particular maybe.
252,Investment Movies,86,Nation task best image win range least.
253,Together Movies,92,Especially tonight situation where against lawyer entire deal.
254,Line Movies,13,Course stage face treat class play.
255,Society Movies,11,Describe degree century seek sound kid quality.
256,Choice Movies,46,Structure discuss public.
257,Stay Movies,21,Election Mr computer practice experience.
258,Two Movies,26,Conference series message resource tax attorney artist.
259,Two Movies,6,Answer value to card option.
260,See Movies,7,Parent firm professional approach wife.
261,Including Movies,47,Life himself think pressure still.
262,Still Movies,15,According exactly car former.
263,As Movies,57,Table assume away even throughout record.
264,Prepare Movies,33,Four apply hear look.
265,Contain Movies,12,Expert whole walk allow strategy.
266,Camera Movies,2,Than where voice themselves.
267,Wrong Movies,57,Stock wife vote perform Congress interview picture pretty.
268,That Movies,66,Prove bring serve accept before forward break plant.
269,Great Movies,6,Hand name ask reality too.
270,Modern Movies,93,Make perform detail doctor cost.
271,Beautiful Movies,1,Rest history traditional article.
272,Pull Movies,71,Difficult meeting natural very involve even.
273,It Movies,79,Your heart book behind.
274,Matter Movies,67,Consider research population way past wife answer.
275,So Movies,80,Kid available than ask image side.
276,Later Movies,36,Particularly activity well night assume chair.
277,News Movies,100,Natural rest soldier organization sound.
278,Ok Movies,5,Risk fund hold base project imagine simply during.
279,Thousand Movies,19,When adult draw director when return.
280,Through Movies,47,Protect rich house.
281,Would Movies,8,Key fish less along fly born.
282,Develop Movies,39,Morning peace financial.
283,Say Movies,12,Herself whom between spend determine artist.
284,Church Movies,44,Big across over us.
285,Type Movies,93,Direction government every available.
286,And Movies,33,Like ball return well.
287,Kid Movies,39,Add imagine character.
288,Trouble Movies,92,Myself teacher when think if there direction land.
289,Step Movies,16,Market also recently huge like never.
290,More Movies,55,Color member back wonder couple.
291,Assume Movies,14,Discussion even fish process defense treatment whether.
292,Read Movies,34,Tend kitchen world.
293,Although Movies,21,Ever officer clear others yes property.
294,American Movies,5,Per challenge yeah throw law like.
295,Spend Movies,13,Inside travel full task evidence yard such.
296,Fast Movies,48,Enough want discover growth discuss different what.
297,Religious Movies,12,Provide decision finally any nor.
298,Message Movies,95,Seven since black think of condition less.
299,Course Movies,5,Popular everyone act interesting since.
300,Big Movies,18,These help treat.
301,Skin Movies,41,Take father statement blood.
302,Relate Movies,73,Hold year cover television smile.
303,Particular Movies,44,Meet ball put require draw.
304,Home Movies,69,Unit cause decide force compare practice.
305,Treat Movies,54,Democrat black defense adult.
306,Computer Movies,26,Tv from heart.
307,Attention Movies,80,Including however return why word key new sister.
308,Of Movies,64,Research main garden inside sometimes.
309,Reflect Movies,76,Prepare election event off hand picture responsibility.
310,Act Movies,27,Newspaper all from note mean idea never.
311,Training Movies,47,Team language standard affect.
312,Lawyer Movies,86,Foreign rest information defense week.
313,Reduce Movies,23,My country father her.
314,Decision Movies,16,Fact wish building.
315,Court Movies,23,Voice type boy finish season well general ground.
316,Fire Movies,12,Name place decade there rise task commercial.
317,Most Movies,90,Technology thousand morning.
318,Southern Movies,36,House parent forward ten.
319,Use Movies,92,Recent church notice specific tell language my full.
320,Third Movies,7,Of never line much research month cultural.
321,Father Movies,15,Step all necessary relationship other.
322,Nature Movies,7,Consider yourself close maybe worry.
323,Protect Movies,59,Eat do value scientist low.
324,Tonight Movies,73,Read our herself however his individual.
325,Impact Movies,24,Trade owner matter action.
326,Set Movies,54,Structure field score organization southern husband never.
327,Artist Movies,12,Candidate drop white war lose single.
328,Doctor Movies,50,Look old reflect painting station her.
329,Bit Movies,14,Plant government pressure step compare suggest among.
330,Ask Movies,48,Indeed together expert hundred always.
331,When Movies,72,Later who human.
332,Religious Movies,56,Finish war blue method hold note company plant.
333,Movement Movies,53,Movie up door nature remember network something.
334,Field Movies,15,Become may mother seven gun say bank.
335,Relationship Movies,80,Election carry local institution quickly.
336,Trade Movies,63,Wonder ok condition.
337,Picture Movies,95,Pm low book follow lawyer.
338,Public Movies,45,It while international glass stop front.
339,Throughout Movies,2,Performance music song.
340,Use Movies,52,Your technology car no trouble.
341,Because Movies,27,Book environmental trade worry pull dinner should science.
342,Already Movies,53,Allow rate myself hotel.
343,Group Movies,15,Determine book recent.
344,Benefit Movies,5,Provide threat audience inside family development increase.
345,Computer Movies,13,Anything sound entire conference laugh.
346,Program Movies,49,Wife nature bank.
347,Life Movies,65,School sit blood eat trial.
348,Religious Movies,18,Foreign training drive morning than official fast.
349,Clear Movies,72,World carry day I likely worry national.
350,Responsibility Movies,33,Son room himself relationship I.
351,Staff Movies,37,Toward hot agent article among memory.
352,President Movies,15,Evidence red Mrs must research like.
353,Near Movies,92,Necessary magazine leave west.
354,Conference Movies,40,Above do visit house on role season.
355,Kid Movies,100,Central and notice professional hope how difference particular.
356,Someone Movies,9,Put free read report have he source.
357,Or Movies,81,Better peace must analysis concern store language.
358,Require Movies,68,Enter term skin easy rule develop north.
359,Next Movies,9,Performance since effect trial beyond consumer notice.
360,Young Movies,22,Administration crime purpose even central citizen.
361,Stock Movies,88,Free certain fly.
362,Attack Movies,67,Pick chance able specific worry mission responsibility half.
363,Risk Movies,61,Suggest the within those as.
364,Security Movies,79,Represent water wear also.
365,Act Movies,98,Person owner once administration box official.
366,Simple Movies,64,Too new produce record.
367,Its Movies,75,Article just chance card finally.
368,Significant Movies,28,Process eye loss official beyond federal increase.
369,According Movies,54,Center chance value low travel.
370,West Movies,36,Person whole history side.
371,Television Movies,84,True road total turn suddenly.
372,Within Movies,82,Personal instead call kind.
373,Understand Movies,2,Sure cold investment left director get look sea.
374,Drop Movies,8,Sister upon just baby ball wide.
375,Question Movies,23,Church include claim near my report use.
376,Successful Movies,53,Remember trial indeed.
377,Reason Movies,36,Voice card attention like reduce.
378,Return Movies,83,Prevent vote speak character on program.
379,Western Movies,67,Goal oil treatment my station.
380,Away Movies,26,Ready goal tonight mouth.
381,War Movies,36,Take oil instead explain view billion may.
382,Camera Movies,6,Own debate charge seem cold surface.
383,Order Movies,96,Agreement perhaps structure.
384,Large Movies,96,Campaign interesting paper product authority.
385,Certainly Movies,73,Miss now street nice medical.
386,Subject Movies,33,Near fly four or force call.
387,Television Movies,15,Enough ball husband economic standard field meeting.
388,Party Movies,10,Argue film where test.
389,International Movies,89,Letter woman town blood.
390,Program Movies,19,Last catch could decade wind.
391,Too Movies,57,Recent imagine spring on.
392,Participant Movies,94,Without memory hard main agreement ground mouth.
393,Begin Movies,62,Nothing between focus develop.
394,Watch Movies,77,Resource of law.
395,Speech Movies,83,Something you decade interview response.
396,From Movies,37,Glass yet stock success adult outside light public.
397,Evidence Movies,67,Star better follow deep.
398,Those Movies,95,Process buy enter with center light.
399,Onto Movies,9,Like part through expect walk son.
400,Treat Movies,83,Easy stop market investment arrive turn fight.
401,Nearly Movies,30,Baby firm view half.
402,Pull Movies,17,Major however material each.
403,Movement Movies,93,Yard site director cup whatever establish between.
404,Economic Movies,17,Foot method could cultural.
405,Board Movies,71,Large its state change performance.
406,Her Movies,100,Character station practice.
407,Somebody Movies,90,Available live reveal build any never.
408,Lose Movies,65,Whole identify receive push.
409,To Movies,21,Popular world every third color.
410,Piece Movies,13,Fall hotel prevent more.
411,Show Movies,47,Sometimes meet amount peace into.
412,Ten Movies,72,Beat rather week board.
413,Poor Movies,40,Whatever cover police any none.
414,Seat Movies,45,Speak they deal picture.
415,Pattern Movies,32,Prevent address that thank night national.
416,Own Movies,63,Exist soon need rest challenge movie.
417,Student Movies,18,Old we use middle.
418,Plan Movies,31,Than billion career mention.
419,Develop Movies,3,Later thing budget professor fast ten sea.
420,You Movies,90,Add very young local among quite.
421,Life Movies,49,Give right everybody want blood environment.
422,Process Movies,20,Effect create church final hair approach administration.
423,Couple Movies,28,Push serious collection half firm.
424,Form Movies,63,Personal yes traditional lose hospital.
425,Interview Movies,3,Scene send free amount now.
426,Interesting Movies,44,Option pick those lawyer light.
427,Wide Movies,95,Read recent up arm.
428,Even Movies,82,Bar me special note top soldier eight.
429,Arm Movies,76,Defense red field big term discover appear they.
430,My Movies,65,Avoid director safe yeah.
431,Care Movies,2,Nothing reason control people official detail most experience.
432,Two Movies,99,Drive state wife boy.
433,Enough Movies,33,Deal compare great year.
434,Quality Movies,51,Live arrive use suddenly poor item enter stand.
435,Level Movies,22,Particular once quality activity evidence station.
436,Soon Movies,5,Force nor weight today establish computer much Democrat.
437,Last Movies,78,Smile fill idea interview their game.
438,Mrs Movies,48,Fall general foreign from floor Mrs night.
439,Meeting Movies,27,Reason spend however environmental present.
440,Room Movies,59,That sure quite upon another.
441,May Movies,75,Dog modern concern couple.
442,Manage Movies,83,Question their subject.
443,Perhaps Movies,19,Through face well nor stuff attorney exist.
444,Us Movies,76,Fast set sing maybe.
445,Order Movies,43,Leader condition yet audience wrong.
446,Pm Movies,62,Century too seem public little already.
447,Event Movies,22,Baby including determine any it manager.
448,Office Movies,42,Citizen each news early already important.
449,Decision Movies,61,Test those of reason.
450,Back Movies,41,Word decision drug organization realize eye land.
451,Now Movies,26,Side school up base health character.
452,Police Movies,100,Family start responsibility safe both reality.
453,Likely Movies,88,Able rather pass beautiful note issue media.
454,Carry Movies,53,Speak local measure camera impact however put.
455,Generation Movies,39,Politics someone story girl.
456,Something Movies,63,Loss reduce man keep final.
457,Practice Movies,56,Stock glass another gas.
458,Bar Movies,24,Upon organization contain approach teach in.
459,Suddenly Movies,94,Middle blood world season.
460,Defense Movies,64,Minute cut century cold tell good positive.
461,Site Movies,53,Officer court across black.
462,We Movies,73,Forget image sport on person president pull certainly.
463,Suggest Movies,74,Successful support school recently teacher keep management.
464,Police Movies,77,Across deal evidence animal idea class relationship.
465,Political Movies,63,Theory you physical sea somebody.
466,Bill Movies,44,Bed partner sport debate range face.
467,Past Movies,47,Cut force peace player bit southern.
468,Black Movies,93,Here total pass nice write.
469,Interview Movies,97,Simple safe whose ground wrong matter increase.
470,Thank Movies,26,Recently table subject fill red want.
471,Brother Movies,75,Three security natural main.
472,To Movies,22,Anything should floor popular our who.
473,Perhaps Movies,84,Seat tree protect southern listen.
474,Growth Movies,71,Explain small talk production likely film.
475,Garden Movies,69,Local me low feel career medical avoid.
476,There Movies,73,If stand behavior again whole.
477,Officer Movies,61,Spring ability yard strong check.
478,Consumer Movies,14,Trade we read above.
479,Catch Movies,10,Build young activity order protect.
480,Because Movies,38,My move husband group site.
481,Either Movies,96,General writer store away.
482,Crime Movies,29,Catch suffer meeting leave present.
483,Instead Movies,25,Book natural recent turn this education ready great.
484,It Movies,15,Suddenly fish thus agent.
485,Among Movies,2,Fill say especially this professor improve return.
486,Form Movies,55,Seem bar fly together watch green customer.
487,Front Movies,84,Style trip employee level information perhaps across risk.
488,Any Movies,62,Anyone of house boy tax allow.
489,View Movies,3,Even actually young page.
490,Foreign Movies,7,Maintain although democratic later wonder.
491,Listen Movies,99,Cover work sing without its star after.
492,College Movies,18,Argue statement simple Congress out good wait.
493,Rest Movies,72,Draw board government fill require.
494,Ever Movies,94,Agent least both plant.
495,Movie Movies,11,Note to believe environmental still already.
496,Official Movies,49,Move race arm away.
497,Read Movies,55,Clearly each Democrat purpose finish page good door.
498,Manage Movies,77,Play measure cell recently early.
499,Fight Movies,13,Simple business campaign leader eye our law.
500,Age Movies,94,Ability involve fear call.
501,Opportunity Movies,93,Understand begin join skin that people later.
502,Social Movies,28,Adult project develop note skin system.
503,It Movies,6,Dinner enter try collection.
504,Group Movies,2,Rule morning play dream task week political control.
505,Nation Movies,27,Method responsibility it win particular environmental.
506,Heavy Movies,83,Really example short.
507,Article Movies,4,Effort type leader however middle.
508,Draw Movies,90,Own prove race himself collection production person pull.
509,Six Movies,27,Very growth food number.
510,President Movies,20,After forget more trouble product condition lose.
511,Wish Movies,42,Day leave write change best.
512,Item Movies,50,Develop run read rule keep student note.
513,Dream Movies,13,Season ahead discussion now point end nearly.
514,Quality Movies,16,These good little writer set treatment.
515,Rate Movies,47,Attorney for recent should police page standard everybody.
516,Serious Movies,75,Will smile upon fly human public technology.
517,Like Movies,13,Look whether sometimes job.
518,Skill Movies,74,Memory skin amount cold brother discover likely sport.
519,Charge Movies,54,Hand once boy major situation wish.
520,Place Movies,32,Oil fact evening onto.
521,Picture Movies,22,Director thus its alone simple music occur.
522,Ground Movies,64,Week drop last require beyond local today.
523,Idea Movies,64,Quickly Democrat final though whole low.
524,Worry Movies,56,After true around me air threat never hard.
525,Around Movies,21,Ask while sort wife behind money maybe.
526,Long Movies,77,Movie late she myself among view call news.
527,Series Movies,39,Several central size oil challenge.
528,Treat Movies,82,Process different wall language.
529,Democratic Movies,24,Thus animal forward time seven leader.
530,Necessary Movies,92,Name theory local leg life nor scene.
531,Allow Movies,73,Usually play light a.
532,Step Movies,57,Dog sister movement life name although.
533,Nothing Movies,14,Prove area operation along drive term make.
534,See Movies,6,Image check guess keep measure perhaps.
535,Tonight Movies,53,Lot call explain statement.
536,Race Movies,1,Him fast Mrs itself suddenly.
537,Administration Movies,23,Ago instead your risk professor discuss certainly through.
538,Clear Movies,23,Production road interest develop begin hot artist anyone.
539,Worker Movies,60,Learn attorney exist almost already walk early.
540,Human Movies,61,Understand enter word PM impact draw.
541,Affect Movies,63,Prove visit kitchen might free voice.
542,Heart Movies,97,Question whether big woman space indeed.
543,Off Movies,11,American media figure weight growth theory.
544,Catch Movies,5,Anyone door minute yes week.
545,Method Movies,27,To fund follow.
546,Ever Movies,96,Others court decade whether quickly fund.
547,Spring Movies,19,She job however form lot population.
548,Conference Movies,84,Sell hundred once story could another process.
549,Will Movies,84,Room friend within could walk program environment.
550,State Movies,34,Resource southern poor good alone system man building.
551,Her Movies,38,Indeed record light allow.
552,Ask Movies,33,Fight late him act southern financial.
553,Pm Movies,19,Stuff even either get special rate.
554,Bad Movies,47,Raise administration interest.
555,Whom Movies,50,Old thus similar week.
556,Leave Movies,90,There fast idea whole choose.
557,The Movies,31,Act could region serious yes raise either.
558,Region Movies,83,Seven impact traditional ever onto TV old.
559,Newspaper Movies,7,From again cultural.
560,Four Movies,67,Owner miss spring talk.
561,Study Movies,70,Interesting long loss film people provide.
562,As Movies,95,Situation modern gun power do computer standard.
563,Dinner Movies,43,Shoulder then key soon image late.
564,Soon Movies,39,Attention draw push however build coach.
565,Small Movies,73,Certain image be return hotel rule short.
566,Remain Movies,99,Military some system PM operation rise gas.
567,Put Movies,87,Rise capital box station fish.
568,Perform Movies,9,Treatment hard similar energy remember type professor.
569,Admit Movies,20,Land serve student wall early some.
570,Skin Movies,16,Big possible feeling agree medical game skill.
571,Instead Movies,67,Billion white sell Democrat study fill late.
572,Modern Movies,75,Wall hit number.
573,Black Movies,12,Hand bill huge forward.
574,Huge Movies,25,Mission side believe left.
575,Always Movies,48,Cold too marriage finally.
576,Probably Movies,51,Southern must sometimes out nature.
577,Improve Movies,22,Deal score win forget energy after program.
578,Outside Movies,65,Information staff almost morning current yard health.
579,Activity Movies,43,Wall police become claim health drug people concern.
580,Officer Movies,30,Research administration money who.
581,Issue Movies,79,Take common production likely no radio theory.
582,Article Movies,64,Important appear star away office campaign reach.
583,Dark Movies,71,Charge establish front second cover total clear.
584,Sort Movies,43,Plant camera skill hit exactly.
585,Although Movies,72,Similar offer third it Mr.
586,Hard Movies,11,Quality age note shoulder goal choose.
587,Respond Movies,59,Ground mean difficult new company.
588,Around Movies,63,Forward social family three onto anything begin.
589,Suffer Movies,100,Begin push window eight evidence movie main.
590,Between Movies,62,Skill project fine college put.
591,View Movies,56,Really its human himself clear light.
592,Radio Movies,23,Thus subject of voice board size.
593,Finish Movies,99,Ahead serve coach a more move.
594,Animal Movies,62,Attention war it buy where.
595,Else Movies,24,Economic others the car can see save.
596,Yourself Movies,1,Offer local in right great music fear.
597,Film Movies,18,Traditional something response turn fast.
598,Friend Movies,49,Provide word price.
599,Discuss Movies,21,School positive thousand stand hand.
600,Push Movies,92,Inside billion try.
601,White Movies,81,Type enter pass on deep national sometimes.
602,Simply Movies,1,Child partner table mission hold.
603,Practice Movies,70,Kind approach cultural product professor low.
604,Last Movies,64,Tax region you appear.
605,Action Movies,63,Window method become large.
606,Room Movies,68,Sort cell nation information great.
607,Become Movies,4,Fish your wonder kitchen lay.
608,Century Movies,3,Road fire road even.
609,Either Movies,37,Represent pass window whether music.
610,Too Movies,48,Total material gun may rate baby stop end.
611,Present Movies,94,Present decide take administration free big tonight.
612,Listen Movies,3,Happen shake deep source southern tough beautiful as.
613,Provide Movies,14,Pattern include effect among heavy political himself.
614,Out Movies,68,Form could trip.
615,Evidence Movies,66,Single yeah chance realize.
616,Glass Movies,44,Research course action.
617,Our Movies,72,Table generation beautiful him.
618,Unit Movies,60,Arrive learn guess detail training arm order.
619,Concern Movies,65,Book plant check culture event about interview skin.
620,Deep Movies,11,Sense significant what party service realize.
621,Kid Movies,50,Half positive use.
622,Way Movies,66,Keep alone car course anything data cultural.
623,So Movies,53,Size company painting hear.
624,Could Movies,47,Recognize life commercial.
625,Standard Movies,32,Blue structure thank point early see thousand.
626,Space Movies,68,Forget science important need around agency.
627,Relationship Movies,37,Serve against chair drive size price watch garden.
628,Night Movies,86,Generation wide significant through.
629,Series Movies,39,Training read not certainly test seven as.
630,Move Movies,20,Let case goal watch simple.
631,Stuff Movies,89,Dog bag produce painting fly fact certainly.
632,Matter Movies,77,Four rest happy quite yard trouble.
633,Interesting Movies,44,Issue always heavy.
634,Who Movies,61,Itself travel fire authority conference several thousand.
635,Piece Movies,55,Industry affect yeah learn space.
636,Man Movies,42,Two street different concern.
637,Record Movies,12,How soon song song since win also.
638,Audience Movies,75,Third professor stock civil protect official any.
639,During Movies,46,Central institution capital must trouble bill near.
640,He Movies,74,Over material process capital.
641,Still Movies,28,Yeah full specific resource what top mind.
642,Color Movies,78,Party probably executive she will compare.
643,Food Movies,78,Amount decide live yard.
644,Low Movies,75,Camera lay every most.
645,Discussion Movies,23,Find plan who century.
646,Manager Movies,17,Some serve trade attention around face political mention.
647,Hundred Movies,69,Stop environment actually reflect order term everything.
648,Baby Movies,73,Our true quite wear.
649,Foreign Movies,45,Responsibility billion including end.
650,Describe Movies,77,Kid common support language.
651,Field Movies,20,Anyone program lawyer industry far five.
652,Fear Movies,12,Shoulder skin time hand toward civil continue.
653,Cultural Movies,86,Executive after number teacher expect.
654,Hand Movies,28,Student population TV protect.
655,Fire Movies,60,Will build far.
656,Want Movies,47,Simply tough prove call expect try now.
657,Respond Movies,80,Writer book rock teach line tax so.
658,Meet Movies,68,Catch any particular country.
659,Reveal Movies,96,President rate camera middle history.
660,Imagine Movies,69,Talk add new speak Republican their half evidence.
661,A Movies,27,Agent raise author grow economic last appear see.
662,Commercial Movies,16,Hit community home.
663,Now Movies,28,Month good usually offer key chair our.
664,Language Movies,12,Energy last those speak early wind gun owner.
665,Must Movies,88,Throw choice poor know boy open sort real.
666,Possible Movies,20,Word size street hot.
667,Policy Movies,81,Official under own then.
668,Save Movies,87,Create next structure main.
669,Hit Movies,1,Who bank family probably arm exactly.
670,Value Movies,94,Detail bank cultural Mrs.
671,Up Movies,76,Decade east century me.
672,Expect Movies,32,Mrs probably another political go stand sign.
673,Car Movies,44,Once officer message difficult every begin large.
674,Question Movies,40,Hold the spend understand century.
675,Window Movies,96,History indeed difference four.
676,Increase Movies,4,Form property law forget follow.
677,Difficult Movies,42,Here action great evening stand blue.
678,Popular Movies,81,Firm lose stand real move themselves.
679,Main Movies,45,Situation everyone range center though.
680,Too Movies,10,Modern consumer television.
681,Economy Movies,4,A leave clearly he note.
682,Official Movies,79,Resource book central office daughter onto.
683,New Movies,39,Smile decision choose listen by away discuss.
684,Child Movies,70,Story several cover stuff cup hand.
685,Financial Movies,61,Suddenly represent half.
686,Marriage Movies,55,Page reflect power evening.
687,Long Movies,6,Room specific admit only.
688,Off Movies,32,Arm language movie arm provide build.
689,Report Movies,51,With wife color check water.
690,Represent Movies,63,Keep ability want certainly step conference.
691,Career Movies,82,Even allow civil feel shake.
692,Admit Movies,50,Image group city.
693,Check Movies,13,Do lawyer machine science.
694,Must Movies,65,Player mother around heart let.
695,Do Movies,58,Central drop this protect.
696,Significant Movies,43,Specific thought foreign which.
697,Remain Movies,25,Sit factor drug operation.
698,Keep Movies,40,Town discuss resource Democrat effect.
699,Team Movies,12,Maybe term training fly PM green instead.
700,Building Movies,4,Final consumer human practice.
701,Next Movies,26,Star others scene music capital.
702,Yourself Movies,65,Area fire less although attention store.
703,Price Movies,33,As no structure know.
704,Break Movies,62,Bed work statement left.
705,Build Movies,32,Lay save end firm mean decade.
706,Power Movies,26,Strategy wall degree young.
707,Majority Movies,42,High black white man.
708,Account Movies,53,Create key strong rock network for practice.
709,Or Movies,21,Husband management my whole.
710,Moment Movies,80,Official deep reach receive drive top eat.
711,Now Movies,89,Bad gun stage economic.
712,Region Movies,100,Exactly sometimes see thousand near.
713,Job Movies,70,Outside last car reach.
714,Key Movies,56,Election capital cause he city.
715,Home Movies,14,Structure security well management success in friend.
716,Throw Movies,13,Help claim themselves environmental.
717,Fly Movies,86,Protect century perform you rich cell end.
718,Term Movies,99,Wind same knowledge tell generation town.
719,The Movies,15,Other behavior care option color onto apply.
720,Here Movies,52,A talk religious reflect.
721,Design Movies,97,Church person others own.
722,He Movies,13,So name trip billion friend.
723,Wrong Movies,26,Wear ability adult customer successful near Mr.
724,Quite Movies,40,West enough resource great.
725,However Movies,4,Poor drive recognize claim ok work.
726,Lot Movies,46,Let speak identify personal.
727,Thus Movies,55,Congress perhaps yard above couple oil event threat.
728,Responsibility Movies,89,Also agent senior thousand imagine anything very.
729,Imagine Movies,47,Near factor yard.
730,Blood Movies,89,Lot house floor board boy.
731,Technology Movies,57,Special trial government drug likely partner degree.
732,Dark Movies,95,Too arm control watch team arm together film.
733,Important Movies,92,Court case record.
734,See Movies,24,Third want check toward town environmental significant.
735,Sister Movies,18,Attorney none compare then.
736,Return Movies,88,Trip stage network color improve wind here.
737,Policy Movies,15,Live film role probably determine a.
738,National Movies,28,Environmental stock someone defense money four.
739,Interview Movies,86,Important especially nearly animal law tell.
740,Stop Movies,26,Forward product accept culture into worry wonder win.
741,Hand Movies,99,Simply marriage around huge forward star.
742,Big Movies,16,Thank before book attention great.
743,Lose Movies,17,Else recognize look none.
744,Bed Movies,42,Fight skill during attack.
745,Face Movies,63,Party imagine near form clearly test address day.
746,Property Movies,14,Ability power care popular.
747,Hand Movies,39,Authority paper doctor industry ball single once goal.
748,Whatever Movies,74,Seat class girl far high walk prevent.
749,Support Movies,91,Let even decision parent less.
750,Throw Movies,70,Agency military one item.
751,Great Movies,51,Billion far woman girl move create.
752,Build Movies,82,Sort Democrat name range sign.
753,Receive Movies,32,Federal some report onto.
754,Under Movies,74,Federal station until more fast magazine do.
755,Behind Movies,38,Everybody also during partner character.
756,Seven Movies,34,Include far style physical model assume alone.
757,Newspaper Movies,67,Reveal determine different better particular again me.
758,Never Movies,13,Run analysis mother feel.
759,Lead Movies,9,Medical center rather himself man miss man.
760,Professional Movies,27,Art whatever allow again choice rule make he.
761,Customer Movies,15,Race whole season area girl protect.
762,One Movies,85,Church opportunity focus show movie than through PM.
763,Allow Movies,37,Attorney minute window thing meeting mission site.
764,Side Movies,25,Able institution paper fire case individual.
765,Move Movies,2,Modern friend start age.
766,Important Movies,25,Paper outside nothing participant direction woman.
767,Message Movies,97,Wrong seem past foot key among.
768,Hard Movies,13,Read enter interest record.
769,Control Movies,28,Language foreign action training wide eye officer myself.
770,President Movies,38,Check according stand.
771,Open Movies,68,Compare truth day yard process glass quality.
772,Senior Movies,25,Hear trip prove though evidence none.
773,No Movies,5,Pretty hundred possible mother card.
774,Month Movies,24,Church imagine require west increase entire seven.
775,Allow Movies,59,Clearly car with feeling control population truth.
776,Scientist Movies,56,Congress cultural writer.
777,Per Movies,83,Common section light be cell.
778,Nearly Movies,82,Effort model oil certain.
779,Sport Movies,48,Foreign when night week democratic.
780,Summer Movies,99,Deal up exist defense.
781,Ago Movies,4,Southern add next worker against call.
782,Its Movies,65,Difficult represent despite.
783,Water Movies,25,Modern tax television article decision.
784,Result Movies,64,Morning page than manager radio market.
785,Phone Movies,32,As us address north.
786,Defense Movies,26,It four need there pattern money employee.
787,Hope Movies,37,Size give newspaper bag knowledge arrive.
788,View Movies,88,How chair identify seven actually.
789,Expect Movies,82,Animal star thing from see real price.
790,We Movies,51,Wish single mouth should true around.
791,Office Movies,93,Degree a unit minute serve his begin.
792,Health Movies,7,See along tree nothing right.
793,Yourself Movies,82,Room environment play whole.
794,Left Movies,74,Region card control perform back art.
795,According Movies,75,Put bed child very another feeling all.
796,Group Movies,60,Page special push.
797,Miss Movies,7,List these inside choose.
798,Feel Movies,60,Year today treat toward.
799,Free Movies,63,Even per American chair.
800,Six Movies,47,Moment whole act yeah.
801,Trip Movies,13,Size race will man.
802,Sport Movies,27,Administration almost compare side subject seat.
803,Field Movies,97,Effect offer history almost oil PM final.
804,Surface Movies,39,Also term item human.
805,Behind Movies,49,Seem safe traditional all wear including bag.
806,Option Movies,96,Free weight poor body line including.
807,Himself Movies,58,Civil computer ball nice next.
808,Poor Movies,45,These dark these owner.
809,Suggest Movies,43,Suddenly leader season billion or partner above.
810,Rise Movies,52,Section fire human old spend.
811,Kitchen Movies,56,Probably possible and nation play public.
812,Knowledge Movies,13,Cup day financial PM.
813,Occur Movies,87,Visit star how study.
814,Mission Movies,90,Glass resource perform occur capital.
815,Leave Movies,23,Might paper great part at sport reach.
816,Admit Movies,91,Describe there not force.
817,Bank Movies,87,They with specific resource out reason customer.
818,History Movies,98,Professor to kid create social necessary same.
819,Size Movies,58,Have social truth.
820,Discussion Movies,80,Item take mind weight lead later place.
821,How Movies,10,Him us American.
822,Group Movies,16,Decide defense bag probably throw.
823,Later Movies,29,Audience everything expect.
824,Style Movies,29,Some weight say air nothing.
825,Follow Movies,14,Want floor cut above our old fact.
826,Color Movies,42,Drug necessary current city group chair.
827,No Movies,62,Not kind view dark.
828,While Movies,73,Blood late never must focus.
829,Deep Movies,56,Center friend leader compare.
830,Exist Movies,94,Case popular staff talk shake company.
831,Consider Movies,82,Couple serve worker within.
832,Choice Movies,22,Financial forget task group training risk great mouth.
833,Force Movies,21,Meeting color little street rather.
834,Response Movies,27,History ability I better series wife trade enter.
835,Four Movies,91,Entire budget state change current west.
836,Dream Movies,21,Of try large admit.
837,Trial Movies,15,Collection participant speak board three stuff off.
838,Peace Movies,82,Improve show toward remember increase.
839,Floor Movies,30,Best head offer happen and director last resource.
840,Cover Movies,35,True talk phone lead guess them read.
841,Arm Movies,88,Front score back cut.
842,Order Movies,76,Only campaign visit series stay improve.
843,Attorney Movies,74,Live try hold fast truth.
844,Ball Movies,88,Democrat process have understand unit listen throw.
845,Bill Movies,70,Lot live leader physical bad see likely.
846,When Movies,85,Test attack measure short.
847,Race Movies,67,Perhaps main option cultural without light.
848,Here Movies,7,Happen item politics that bag by today her.
849,Station Movies,60,All president stay one bring executive.
850,Difference Movies,83,Large window news together note fast couple.
851,Keep Movies,43,No authority election provide world.
852,I Movies,4,Enough position best usually.
853,Technology Movies,93,Responsibility hit some.
854,We Movies,17,Skin arm perhaps think even account more Mrs.
855,As Movies,27,Attorney beat live mouth determine many turn.
856,Hold Movies,48,Television everything garden.
857,Generation Movies,82,Price that with sort experience child foot deal.
858,Contain Movies,19,Describe stay person start.
859,Get Movies,46,Over reality there behavior together.
860,Run Movies,29,Region approach oil become structure executive.
861,Challenge Movies,91,Food less eat watch section necessary.
862,Cold Movies,19,Successful bag cold discover total history hear.
863,Though Movies,80,Almost side than policy alone.
864,Somebody Movies,8,Part put son deep physical.
865,Thing Movies,72,Officer soon player either make wish or.
866,Lot Movies,10,Next similar treat our energy.
867,Language Movies,23,Themselves six age figure.
868,Long Movies,50,Range tell suffer question small clearly window.
869,Physical Movies,89,Third condition end may.
870,Surface Movies,52,Organization talk special avoid.
871,Series Movies,93,Information authority argue wife.
872,Fight Movies,10,Stuff road international guess.
873,Lot Movies,69,Present personal join character.
874,Alone Movies,84,Deep accept almost end enjoy so like.
875,Social Movies,14,Strong surface big level executive two choose lead.
876,Customer Movies,39,Movement sure social continue cell green.
877,Do Movies,14,Attack little the speech approach bit.
878,Professional Movies,56,Future television various plant.
879,Senior Movies,74,Film nothing some nice entire food despite.
880,Middle Movies,67,Campaign through push something sometimes west west.
881,Him Movies,15,Wear draw hundred production gas media wrong tell.
882,Both Movies,27,Magazine yourself answer board blue surface direction key.
883,Heart Movies,88,Camera least reduce quality central traditional spring.
884,Speech Movies,70,Challenge bad office food rock prepare.
885,Pick Movies,49,Above certainly them boy new to.
886,Day Movies,90,Share effect win score others.
887,What Movies,67,Assume operation certain weight.
888,Idea Movies,20,My strategy lead line law dream total shake.
889,Mother Movies,14,Down conference traditional population.
890,Lawyer Movies,64,Current image research easy.
891,Bit Movies,30,At although yeah left seven.
892,Indicate Movies,64,Goal gas wind suddenly concern almost image.
893,Woman Movies,83,Common exist bad any.
894,Future Movies,11,Week why space yeah media remember history.
895,Help Movies,6,Interview direction perhaps sport information action agreement.
896,Far Movies,88,Sport subject floor fine simple direction.
897,Something Movies,7,Chance teacher drop customer.
898,Night Movies,64,As remain big weight them.
899,Bit Movies,35,Attorney act pass successful energy wait leader.
900,Short Movies,68,Effort radio score job drop police.
901,Travel Movies,84,Democratic court there.
902,Since Movies,85,Report blood Mrs.
903,Itself Movies,79,Operation power support degree model but could.
904,Happy Movies,82,Any watch national effort radio although western.
905,Television Movies,58,Investment among white spring.
906,Game Movies,56,Minute nor source necessary.
907,Perform Movies,22,Power difference decade similar tough top.
908,Cover Movies,74,Staff edge Republican.
909,Same Movies,2,Race war fish type.
910,Ability Movies,80,After stand wide memory plant half catch.
911,Should Movies,78,Next continue where within also.
912,Deep Movies,56,For brother common treatment.
913,Fire Movies,16,Land pattern while second.
914,Itself Movies,78,Commercial cell group service memory real.
915,But Movies,80,Skin appear design which trade evening summer.
916,Foot Movies,100,Lawyer family feeling style certain drug.
917,War Movies,53,Owner major left station economic.
918,Try Movies,5,Cut cell through laugh.
919,Deep Movies,74,Three economic tell civil.
920,Those Movies,54,Election Congress begin.
921,Fly Movies,57,Seek truth why energy system minute base.
922,Pass Movies,63,Why bag idea prepare operation indeed we.
923,Personal Movies,95,Unit enough join deal.
924,Popular Movies,94,For name form.
925,Project Movies,12,Perhaps sure artist.
926,Practice Movies,27,Base recently join behind maybe rock.
927,Discover Movies,32,Story guess star sit.
928,Set Movies,92,Church best past than.
929,Want Movies,17,Trouble because fund.
930,Minute Movies,10,Raise church radio ten low activity.
931,Floor Movies,21,Bag machine TV memory save yard throw really.
932,War Movies,23,Cell someone lead city girl clearly decision.
933,Guess Movies,70,New hope without others onto thought.
934,Apply Movies,88,Identify fight space laugh method.
935,Court Movies,57,Check various TV among me job film.
936,Performance Movies,41,Alone east class focus piece both.
937,Success Movies,88,But left should yard result debate approach.
938,Always Movies,76,Arm heart child issue.
939,Allow Movies,91,Trial our memory whole.
940,Part Movies,10,Table fear stock candidate it fund.
941,Manage Movies,74,Friend effect bit it say still.
942,Maintain Movies,33,Compare age only indicate.
943,Nation Movies,42,Law type economic suggest deal particularly.
944,Something Movies,43,Realize southern suddenly central rise gas war major.
945,Site Movies,4,Nearly support catch.
946,Although Movies,29,Item interesting and positive beautiful people.
947,Level Movies,17,Century seat rise near.
948,Peace Movies,48,Though rise over road like air force image.
949,Positive Movies,63,To sense suggest within read gun system.
950,In Movies,96,Computer newspaper himself field opportunity kitchen.
951,Notice Movies,72,By future billion cost.
952,Manage Movies,53,Stand soon senior stand thank.
953,Chance Movies,92,Strong trip hard describe boy security still.
954,Remember Movies,33,Safe huge change pressure sit manage.
955,Himself Movies,68,Avoid play paper life ok.
956,Attorney Movies,89,Three indicate teach crime.
957,Vote Movies,24,Position nation past.
958,Music Movies,27,Phone sound cost successful school.
959,Major Movies,50,Check central language great stay.
960,Economic Movies,66,Common room of region.
961,Television Movies,78,Speech look hit idea tell Congress move.
962,Agency Movies,55,Federal if natural ten fast.
963,Painting Movies,79,Yourself man feel practice within glass.
964,Treat Movies,55,Page address popular less.
965,Edge Movies,84,Far white author way maintain interview spring.
966,Window Movies,81,Population same wall deal people information.
967,Fine Movies,22,Dinner large by themselves everyone myself.
968,Want Movies,16,Get court force method have idea.
969,College Movies,74,Time imagine worry surface.
970,Alone Movies,56,Animal road professor.
971,Line Movies,76,By one about million million half be.
972,Top Movies,39,Contain where relate.
973,Detail Movies,13,Light behind such type fly treat.
974,Music Movies,9,Think become certain explain.
975,Point Movies,35,Theory institution ever reach voice red by into.
976,Box Movies,7,Him perhaps gun.
977,Floor Movies,84,Republican walk short international push president.
978,Individual Movies,66,Reflect best same allow knowledge act challenge page.
979,Dream Movies,11,Town staff assume sure center.
980,Next Movies,57,Across identify score age election race cover task.
981,Style Movies,5,General theory necessary system bar however board seven.
982,Program Movies,14,Source prove sell happy sort half.
983,Type Movies,53,Charge they kind herself when.
984,Offer Movies,43,Company nothing increase garden.
985,Factor Movies,13,Have local rule community shake myself.
986,A Movies,35,Size great type public.
987,Help Movies,16,May positive to matter necessary perform four.
988,Able Movies,55,Already people others capital TV wish third.
989,Hand Movies,91,Again pressure task short class more sister.
990,Series Movies,47,Surface my father go lead treat those.
991,Risk Movies,49,Blue step board fire door see.
992,Relationship Movies,6,Economy fall tough.
993,Performance Movies,20,Conference hand goal meet cup fight analysis.
994,Quality Movies,26,Then fast stage rule mind letter never.
995,Because Movies,54,Computer back various current population.
996,Wide Movies,31,Before hit long reason detail occur ago.
997,Tough Movies,64,Near decade force here.
998,Decade Movies,38,Science we fill mention near hold store.
999,Rock Movies,37,Than book agreement air everybody research work.
1000,Happen Movies,67,Clear summer eat.
